district,precinct
1,2001500001A
1,20015000070
1,2001500009C
1,20015140010
1,20015140050
1,20173120370
1,20173120390
1,20173120400
1,20173130160
1,2001500001L
1,2001500001N
1,2001500001O
1,20015140070
1,2001500002A
1,20015000030
1,2001500004A
1,20015120050
1,2001500002B
1,20015140040
1,20015140060
1,2001500002C
1,20015000050
1,2001500004B
1,20015000320
1,20015000430
1,20173503010
1,20173503530
1,20015000080
1,20015000380
1,20015000410
1,20015000450
1,2001500009F
1,20015140020
1,2001500009G
1,20173131100
1,20173500590
1,2001500009H
1,20015000130
1,20015200020
1,20035000310
1,20035000320
1,20015000340
1,20015140030
1,20015200010
1,2001580070A
1,2001580070B
1,2001580070C
1,2001580070E
1,2001580070F
1,20173502570
1,20015120040
1,2001580010B
1,20173500650
1,20173120380
1,2001580010A
1,20015800060
1,2001580070D
1,20035000260
1,20173503700
1,20173503740
1,2001580040B
1,20035000180
1,2003500001A
1,20035000020
1,20035000030
1,20035000050
1,20035000120
1,20035000210
1,2003500042A
1,20035900030
1,20035900040
1,2003500001B
1,2003500001C
1,20035000140
1,20035000150
1,20035000040
1,2003500006A
1,2003500006B
1,20035000090
1,2003500005A
1,20035000070
1,20035000080
1,20035000100
1,20035000110
1,20035000200
1,2003500013A
1,2003500041A
1,2003500041B
1,20035900020
1,20035000170
1,20035000300
1,20035000390
1,20191000310
1,20035000190
1,20035000230
1,20035000250
1,20035000340
1,20035000370
1,20035000360
1,20035900050
1,20035000220
1,20035000270
1,20035000330
1,20035000400
1,20035000380
1,20191000140
1,20191000240
1,20035000350
1,20035000480
1,20035000500
1,2003500051A
1,2003500051B
1,2003500055B
1,20035000560
1,20035900010
1,20035900070
1,2003500053B
1,20035000520
1,2003500053A
1,20035000540
1,20035000550
1,20035000570
1,2003500057A
1,20191000320
1,20035900060
1,20035000440
1,20035000450
1,20035000470
1,20035000460
1,20035000490
1,20077000100
1,20191000030
1,20191000210
1,20191000100
1,20191000090
1,20173503800
1,20173700010
1,20079900020
1,20091900150
1,20173100010
1,20173120160
1,20173120170
1,20173120300
1,20173130510
1,20173130520
1,20173130530
1,20173130540
1,20173130550
1,20173130560
1,20173130570
1,20173130810
1,20173130830
1,20173180040
1,20173502130
1,20173502140
1,20173502150
1,20173502500
1,20173502810
1,20173120010
1,20173120020
1,20173130170
1,20173500010
1,20173500040
1,20173500050
1,20173500790
1,20173120030
1,20173130840
1,20173500380
1,20173500390
1,20173500580
1,20173502580
1,20173120040
1,20173500360
1,20173500370
1,20173500420
1,20173120050
1,20173120420
1,20173500540
1,20173500710
1,20173120060
1,20173500760
1,20173500770
1,20173500780
1,20173500840
1,20173120070
1,20173500800
1,20173500820
1,20173120080
1,20173503650
1,20173120090
1,20173131450
1,20173500900
1,20173500910
1,20173120100
1,20173501150
1,20173501160
1,20173501170
1,20173501180
1,20173120110
1,20173120470
1,20173120480
1,20173180030
1,20173501500
1,20173120120
1,20173130260
1,20173501740
1,20173502200
1,20173120130
1,20173501830
1,20173501860
1,20173501870
1,20173120140
1,20173120340
1,20173500280
1,20173501990
1,20173120150
1,20173130970
1,20173502040
1,20173130440
1,20173120180
1,20173120230
1,20173120510
1,20173120530
1,20173120190
1,20173120210
1,20173120250
1,20173130640
1,20173131510
1,20173502260
1,20173120200
1,20173120220
1,20173120260
1,20173502270
1,20173502280
1,20173120240
1,20173120270
1,20173120280
1,20173131500
1,20173502400
1,20173120290
1,20173501540
1,20173501670
1,20173130930
1,20173120310
1,20173120320
1,20173120440
1,20173120330
1,20173130050
1,20173500260
1,20173502220
1,20173502890
1,20173120360
1,20173120490
1,20173120500
1,20173140050
1,20173120350
1,20173503370
1,20173503470
1,20173503490
1,20173130100
1,20173130110
1,20173130120
1,20173131160
1,20173500560
1,20173130090
1,20173600010
1,20173190140
1,20173130130
1,20173120410
1,20173120430
1,20173120450
1,20173503250
1,20173503920
1,20191000180
1,20173120460
1,20173131540
1,20173503290
1,20173700210
1,20173700260
1,20173700290
1,20173130430
1,20173131370
1,20173120540
1,20173130490
1,20173130980
1,20173131060
1,20173502070
1,20173502850
1,20173503500
1,20173131440
1,20173131480
1,20173503770
1,20173600020
1,20173120520
1,20173130210
1,20173130650
1,20173130660
1,20173130670
1,20173503760
1,20173131070
1,20173190050
1,20173502960
1,20173700350
1,20173700400
1,20173120790
1,20173500200
1,20173500220
1,20173500230
1,20173120900
1,20173121310
1,20173130450
1,20173501390
1,20173501930
1,20173502410
1,20173121320
1,20173121330
1,20173130500
1,20173502000
1,20173502010
1,20173501940
1,20173130010
1,20173130040
1,20173500110
1,20173500430
1,20173500810
1,20173503030
1,20173130020
1,20173130030
1,20173500060
1,20173500080
1,20173500090
1,20173131080
1,20173130060
1,20173130070
1,20173131410
1,20173131420
1,20173502240
1,20173130080
1,20173131120
1,20173500570
1,20173130140
1,20173130150
1,20173130180
1,20173500030
1,20173501000
1,20173500740
1,20173500750
1,20173130190
1,20173500890
1,20173501010
1,20173501200
1,20173130200
1,20173131490
1,20173130220
1,20173130230
1,20173130240
1,20173500980
1,20173501060
1,20173501400
1,20173501420
1,20173130250
1,20173501590
1,20173502440
1,20173501080
1,20173501620
1,20173501630
1,20173502470
1,20173170030
1,20173170040
1,20173130270
1,20173130280
1,20173130290
1,20173130300
1,20173503990
1,20173130310
1,20173130320
1,20173503940
1,20173130330
1,20173130340
1,20173130350
1,20173130360
1,20173130370
1,20173131610
1,20173501210
1,20173130380
1,20173130390
1,20173131460
1,20173130400
1,20173130410
1,20173130420
1,20173180010
1,20173190020
1,20173501730
1,20173502180
1,20173130680
1,20173131330
1,20173150010
1,20173150020
1,20173150030
1,20173501460
1,20173501480
1,20173130460
1,20173500990
1,20173501820
1,20173501880
1,20173130470
1,20173501850
1,20173130480
1,20173130820
1,20173130580
1,20173501090
1,20173130610
1,20173140020
1,20173130620
1,20173502290
1,20173130630
1,20173130690
1,20173130700
1,20173503400
1,20173130710
1,20173700330
1,20173130720
1,20173130730
1,20173130740
1,20173130750
1,20173130760
1,20173130770
1,20173130780
1,20173131590
1,20173130790
1,20173130800
1,20173130850
1,20173131680
1,20173502630
1,20173503930
1,20173130860
1,20173503590
1,20173130870
1,20173130880
1,20173130890
1,20173503260
1,20173130900
1,20173130910
1,20173130920
1,20173130940
1,20173130950
1,20173130960
1,20173130990
1,20173131320
1,20173131010
1,20173131020
1,20173131030
1,20173131040
1,20173131050
1,20173131090
1,20173131110
1,20173131140
1,20173131150
1,20173131170
1,20173131180
1,20173131190
1,20173500530
1,20173131210
1,20173131220
1,20173131230
1,20173131240
1,20173131250
1,20173131260
1,20173131270
1,20173131280
1,20173131290
1,20191000020
1,20191900050
1,20173131300
1,20173502730
1,20173131310
1,20173502030
1,20173131340
1,20173131350
1,20173131360
1,20173131380
1,20173502900
1,20173131390
1,20173131400
1,20173500490
1,20173131430
1,20173501220
1,20173501320
1,20173131470
1,20173500940
1,20173131520
1,20173503180
1,20173503190
1,20173131530
1,20191000220
1,20191900040
1,20173131550
1,20173700390
1,20173131560
1,20173131570
1,20173131600
1,20173131580
1,20173131620
1,20173501110
1,20173131630
1,20173131640
1,20173131650
1,20173131660
1,20173131670
1,20173140010
1,20173140030
1,20173140060
1,20173140070
1,20173502230
1,20173140080
1,20173150040
1,20173170010
1,20173503070
1,20173170020
1,20173170050
1,20173170060
1,20173190010
1,20173190030
1,20173190040
1,20173500130
1,20173500140
1,20173500120
1,20173500440
1,20173500180
1,20173500190
1,20173500460
1,20173500160
1,20173500150
1,20173501960
1,20173500170
1,20173500240
1,20173500210
1,20173500470
1,20173502830
1,20173500410
1,20173500400
1,20173500450
1,20173500480
1,20173500500
1,20173503120
1,20173500880
1,20173500870
1,20173500830
1,20173501020
1,20173501030
1,20173502450
1,20173502650
1,20173501430
1,20173501440
1,20173501570
1,20173501450
1,20173501550
1,20173501560
1,20173502460
1,20173501650
1,20173501580
1,20173501640
1,20173501660
1,20173501680
1,20173502160
1,20173501890
1,20173501920
1,20173501910
1,20173501900
1,20173502930
1,20173502120
1,20173502610
1,20173502660
1,20173502700
1,20173502740
1,20191000200
1,20173700590
1,20191120030
1,20191120050
1,20173800010
1,2019100002A
1,2019100002B
1,2019112003A
1,20191900060
1,20173700310
1,20191000080
1,20191000010
1,20191000150
1,20191000170
1,20191000360
1,20191120130
1,2019112013A
1,20191900010
1,20191000250
1,20191000060
1,20191000040
1,20191000050
1,20191000070
1,20191000130
1,20191000110
1,20191000260
1,20191000290
1,20191000190
1,20191000230
1,20191900030
1,20191000280
1,20191000160
1,20191000270
1,20191000300
1,20191120120
1,20191120070
1,20191900020
1,20191000340
1,20191000350
1,20191000400
1,20191000380
1,20191000370
1,20191000390
1,2019100037A
1,2019100041A
2,20007000010
2,20007000020
2,20007000030
2,20007000050
2,20033000020
2,20007000090
2,20007000210
2,20007000140
2,20007000160
2,20007000180
2,20007000040
2,20007000100
2,20007000150
2,20007000230
2,20151000110
2,20007000080
2,20007000170
2,20007000060
2,20007000070
2,20007000200
2,20077000070
2,20077000080
2,20007000220
2,20151000100
2,20007000110
2,2000700012A
2,20007000130
2,2000700012B
2,20007000190
2,20095000180
2,20095000220
2,20033000030
2,20097000010
2,20009000010
2,20009000080
2,20009000100
2,20009000320
2,20009000350
2,20009000380
2,20009000390
2,20009000020
2,20009000040
2,20009000360
2,20167000020
2,20009000030
2,20009000050
2,20009000160
2,20009000180
2,2000900019A
2,2000900019B
2,2000900023A
2,2000900023B
2,20009000300
2,20009000290
2,20009000330
2,20009000370
2,20165000060
2,20009000070
2,2000900022F
2,20009000340
2,20159000170
2,20185000020
2,20185000120
2,20185000150
2,20009000090
2,20165000120
2,20167000060
2,20167000160
2,20165000110
2,2000900011A
2,2000900011B
2,20009000120
2,20009000130
2,20009000200
2,20009000210
2,20009000140
2,20009000150
2,20009000170
2,2000900022A
2,2000900023C
2,2000900022B
2,2000900022C
2,2000900022E
2,20009000240
2,20009000250
2,20009000260
2,2000900027A
2,2000900027B
2,20159000160
2,20145000200
2,20185000110
2,20145000070
2,20145000250
2,20009900010
2,20167000030
2,20023000010
2,20023000050
2,20023000070
2,20023000080
2,20181000050
2,20023000020
2,20023000030
2,20023000060
2,20153000150
2,20181000100
2,20181000130
2,20181000170
2,20023000040
2,20025000010
2,20025000030
2,20025000040
2,20025000050
2,20025000060
2,20057000010
2,20057000280
2,20057000330
2,20119000030
2,20119000040
2,20025000020
2,20025000070
2,20119000080
2,20033120020
2,20097000050
2,20057000030
2,20033120030
2,20033000010
2,20033190010
2,20097000020
2,20039000010
2,20039000170
2,20039000220
2,20137000050
2,20179000010
2,20039000020
2,20039000050
2,20039000100
2,20039000130
2,20039000240
2,20039000030
2,20039000060
2,20039000250
2,20039000270
2,20153000010
2,2015300009A
2,20039000040
2,20039000090
2,20039000140
2,20039000260
2,20039000070
2,2003900019A
2,2003900019B
2,20039000200
2,20039000210
2,20039000230
2,20153000110
2,20179000080
2,20193000160
2,20039000080
2,20179000090
2,20179000120
2,20039000160
2,20039000150
2,20137000060
2,20039000110
2,20039000120
2,20137000030
2,20039000180
2,20047000010
2,20047000020
2,20047000070
2,20047000120
2,20145000150
2,20145000190
2,20185000090
2,20047000090
2,20047000100
2,20097000040
2,20047000030
2,20047000040
2,20047000080
2,20047000110
2,20083000100
2,20145000220
2,20047000050
2,2004700006A
2,2004700006B
2,20145000040
2,20151000080
2,20185000030
2,20145000060
2,20057000320
2,20051000010
2,20051000020
2,20051000040
2,20051120040
2,20051120050
2,20163000110
2,20163000120
2,20163000140
2,20051000250
2,20051000030
2,2005100010A
2,20051000200
2,20051000220
2,20051000230
2,20051000240
2,20051000290
2,20051000300
2,20051000310
2,20051900010
2,20051900090
2,20051900100
2,2005100003A
2,20051000050
2,20051120060
2,20163000100
2,20195000040
2,20195000050
2,20195000060
2,20051000080
2,20165000080
2,20051000090
2,20051000110
2,20051000120
2,20051000130
2,20051000140
2,20051000150
2,20051000170
2,2005100019A
2,2005100016A
2,2005100021A
2,20051000180
2,20051900080
2,2005100026A
2,20051900050
2,20051900060
2,20051900070
2,20051120030
2,20141000150
2,20167000010
2,20167000080
2,20051000280
2,20051120070
2,20135000110
2,20165000030
2,20165000070
2,20051900030
2,20051900040
2,20055000010
2,20055000190
2,20055000200
2,20055000250
2,20093000020
2,20171000040
2,20171000110
2,20055000030
2,20055000040
2,20055000080
2,20055000100
2,20055180050
2,20055000110
2,20055200020
2,20055000060
2,20055000130
2,20055000140
2,20055180080
2,20055000120
2,20055180110
2,20055180030
2,20055180010
2,20055000170
2,20055180040
2,20055180120
2,20055180140
2,20055180150
2,20055180240
2,20055190040
2,20055190050
2,20055000260
2,20055300020
2,20093000010
2,20093000080
2,20055180130
2,20055190020
2,20055190030
2,20055190060
2,20055190070
2,20055190080
2,20055190090
2,20055190100
2,20055000220
2,20055000280
2,20069000040
2,20083000010
2,20083000050
2,20101000010
2,20101000020
2,20135000060
2,20055300010
2,20081000010
2,20081000020
2,20081000030
2,20093000040
2,20069000060
2,20055180020
2,20055180090
2,20055180160
2,20055180180
2,20055180210
2,20055190010
2,20055180060
2,20055180070
2,20055180220
2,20055180230
2,20055180100
2,20055180190
2,20055190110
2,20055190120
2,20055190130
2,20055190140
2,20055190150
2,20055180170
2,20055180200
2,20055180250
2,20055180260
2,20069000050
2,20057000210
2,20057000240
2,20057000020
2,20057000310
2,20057000040
2,20057000220
2,20057000260
2,20069000030
2,2005700005A
2,20057000060
2,20057000090
2,20057000200
2,2005700021A
2,2005700005B
2,20057000250
2,2005700025A
2,2005700025B
2,2005700005C
2,20057000070
2,2005700008A
2,20057800040
2,20057000100
2,2005700008B
2,2005700029A
2,2005700008C
2,2005700008D
2,20057000190
2,2005700019A
2,20057600010
2,20057800030
2,20057800050
2,20057190010
2,20057800020
2,2005700019B
2,20057000270
2,20057800010
2,20057000290
2,20069500010
2,20057000230
2,20083150040
2,20083150090
2,20083000090
2,20057000300
2,20063000010
2,20063000070
2,20063000090
2,20065000030
2,20179000050
2,20179000150
2,20195000020
2,20063000020
2,20063000030
2,20063000050
2,20063000080
2,20109000020
2,20109000070
2,20063000040
2,20063000060
2,20179000110
2,20179000100
2,20193000140
2,20101000040
2,20101000100
2,20101000110
2,20135000090
2,20195000030
2,20109000030
2,20171000050
2,20065000010
2,20065000040
2,20065000100
2,20179000030
2,20065000020
2,20065000170
2,20065000060
2,20065000160
2,20065000110
2,20065000130
2,20065120030
2,20065120040
2,20179000130
2,20065000050
2,20065000150
2,20137000110
2,20137000120
2,20065000120
2,20195000100
2,20065120050
2,20065120070
2,20163000090
2,20065120080
2,20147000260
2,20163000060
2,20065120090
2,20163000080
2,20065120020
2,20065120060
2,20067000020
2,2006700003A
2,20067000040
2,20067120030
2,2006700003B
2,20067120020
2,20081120020
2,20081120030
2,20187000010
2,20189000040
2,20189000090
2,20069000020
2,20069000070
2,20081000060
2,20119000060
2,20119000020
2,20069500020
2,20071000010
2,20071000020
2,20071000030
2,20199000010
2,20199000030
2,20203000020
2,20203000030
2,20075000070
2,20199000050
2,20075000010
2,20075000020
2,20075000040
2,20075000060
2,20075180010
2,20187000020
2,20187000030
2,20075000030
2,20075000050
2,20075000080
2,20075000100
2,20075180020
2,20093000030
2,20093000090
2,20075000090
2,20077000010
2,20077000020
2,20077000040
2,20077800010
2,20077000030
2,20077800020
2,20077000050
2,20077000060
2,20077800030
2,20077800040
2,20077900070
2,20077800060
2,20095000050
2,20095000250
2,20077900050
2,20077900010
2,20077900020
2,20077900030
2,20077900040
2,20077800050
2,20077900060
2,20095000030
2,20095000040
2,20191000120
2,20081120040
2,20081000040
2,20081120050
2,20081000080
2,20175000200
2,20175000210
2,20081120070
2,20175000190
2,20083000080
2,20083000040
2,20083150050
2,20083000110
2,20135000040
2,20083150020
2,20083150070
2,20083150080
2,20083150060
2,20135000050
2,20083150010
2,20083150030
2,20145000230
2,20145120020
2,20145120030
2,20141000200
2,20183000160
2,20183000190
2,20183000170
2,20183000260
2,20183000270
2,20093000070
2,20203000010
2,20093000060
2,20093000050
2,20095000010
2,20095000080
2,20095000260
2,20173502490
2,20095000020
2,20095000190
2,20095000200
2,20095000210
2,20095000060
2,20095000110
2,20095000070
2,20095000090
2,20095000230
2,20151000060
2,20155000500
2,20095000120
2,20095000240
2,20095000100
2,20173502510
2,2009500027A
2,20095000150
2,2009500027C
2,20095000130
2,2009500014A
2,20095000160
2,20095000170
2,2009500027B
2,2015100012A
2,20173503170
2,20097000030
2,20151000090
2,20101000050
2,20135000020
2,20101000030
2,20101000070
2,20171000030
2,20101000060
2,20101000080
2,20141000050
2,20109000010
2,20109000090
2,20109000100
2,20109000110
2,20109000040
2,20109000080
2,20171000010
2,20109000060
2,20109000050
2,20109000120
2,20181000060
2,20193000080
2,20199000040
2,20193000150
2,20119000010
2,20119000070
2,20119000090
2,20175000010
2,20175000030
2,20119000050
2,20175000020
2,20141000030
2,20141000020
2,20129000010
2,20129000070
2,20129000080
2,20129000090
2,20129000020
2,20189000110
2,20129000030
2,20129000040
2,20129000050
2,20129000060
2,20129000100
2,20189000100
2,20135000010
2,20135000080
2,20135000100
2,20165000010
2,20135000030
2,20135000070
2,20195000110
2,20137000010
2,20137000020
2,20137000040
2,20147000020
2,20147000140
2,20147000220
2,20137000070
2,20137000080
2,20137000090
2,20137000100
2,20147000130
2,20141000010
2,20141000120
2,20141000190
2,20141400030
2,20183000100
2,20141000070
2,20141000270
2,20141000040
2,20141000090
2,20141000250
2,20141000260
2,20141000100
2,20167000070
2,20141000060
2,20141000080
2,20141000230
2,20163000010
2,20183000090
2,20183000140
2,20141000240
2,20183000120
2,20141000110
2,20167000150
2,20141000140
2,20141000130
2,20141000220
2,20141400020
2,20141000160
2,20141000170
2,20141000180
2,2014100021A
2,20141400010
2,20145000010
2,20145000030
2,20145000140
2,20145000160
2,20165000020
2,20145000120
2,20145120040
2,20165000050
2,20145000180
2,20145120050
2,20145000080
2,20145000090
2,20145000100
2,20145000110
2,2014500017A
2,2014500017B
2,20165000130
2,20145000130
2,20145000240
2,20185000050
2,20145000210
2,20185000040
2,20147000010
2,20147000070
2,20147000110
2,20147000190
2,20147000210
2,20147000150
2,20147000030
2,20147000200
2,20147000240
2,20147000040
2,20147000230
2,20147000270
2,20163000020
2,20163000030
2,20147000050
2,20147000250
2,20183000110
2,20183000230
2,20147000060
2,20147000080
2,20147000100
2,20147000120
2,20147000280
2,20147000090
2,20183000240
2,20147000170
2,20147190010
2,20147190020
2,20183000040
2,2015100001A
2,2015100002A
2,2015100004A
2,2015100005A
2,20151000030
2,2015100002B
2,20151000070
2,2015100004C
2,20151190010
2,20151190020
2,20151190030
2,20155000080
2,20185000210
2,20185000240
2,20185000170
2,20185000010
2,2015300009B
2,20153000160
2,20153000020
2,20153000030
2,20153000040
2,20153000050
2,20153000060
2,20153000080
2,20153000170
2,20153000070
2,20153000120
2,20193000120
2,20153000100
2,20153000130
2,20153190010
2,20153000140
2,20193000010
2,20155000660
2,20155000100
2,20159000020
2,20185000060
2,20185000080
2,20163000040
2,20163000050
2,20163000070
2,20163000130
2,20165000040
2,20165000100
2,20165000090
2,20167000050
2,20167000100
2,20167000130
2,2016700014A
2,2016700014C
2,20167900010
2,20167000110
2,20167000120
2,2016700014B
2,20167190010
2,20171000020
2,2017100010A
2,20171000060
2,20171000070
2,20171000080
2,20171000090
2,20173600340
2,20175000040
2,20175000090
2,20175000070
2,2017500008A
2,2017500005A
2,20175000060
2,20175000120
2,20175000160
2,20189000010
2,20189000030
2,2017500005B
2,20175000150
2,20175000170
2,20175000180
2,20175000140
2,20175000110
2,20175000100
2,20175000130
2,20175190010
2,20175190020
2,20179000020
2,20179000060
2,20179000070
2,20193000130
2,20179000040
2,20179000140
2,20193000100
2,20181000010
2,20181000020
2,20181000030
2,20181000040
2,2018100011A
2,20181000070
2,2018100004A
2,20181000090
2,20181000150
2,20181000140
2,20181000160
2,20181000180
2,20181000080
2,20181000120
2,20193000170
2,20181190010
2,20199000020
2,20183000010
2,20183000080
2,20183000130
2,20183000280
2,20183000290
2,20183000020
2,20183000180
2,20183000210
2,20183000250
2,20183000030
2,20183000070
2,20183000200
2,20183000150
2,20183000050
2,20183000060
2,20183000220
2,20185000160
2,20185000100
2,20185000230
2,20185000180
2,20185000220
2,20185000070
2,20185000140
2,20185000190
2,20185000130
2,20185000200
2,20189000020
2,20189000050
2,20189000070
2,20189000080
2,20189190060
2,20189000060
2,20189190010
2,20189190020
2,20189190030
2,20189190040
2,20189190050
2,20193000060
2,20193000180
2,20193000020
2,2019300003A
2,2019300007A
2,2019300002A
2,2019300004A
2,2019300003B
2,20193000050
2,20193900010
2,2019300004B
2,2019300004C
2,2019300007B
2,20193900020
2,20193000090
2,20193000110
2,20195000010
2,20195000070
2,20195000080
2,20195000090
3,20059000240
3,20059000250
3,20059000230
3,20103000070
3,20045120070
3,20045000020
3,20045000600
3,20045180520
3,2004518052A
3,2004518052B
3,2004518052C
3,20045180530
3,20045400090
3,20045000030
3,20045000560
3,20045120290
3,20045120330
3,20045120400
3,20045120430
3,2004518046B
3,20045400110
3,20045900010
3,2004500003A
3,2004500007A
3,20045000080
3,2004500010A
3,20045000460
3,20045120220
3,20045120260
3,20045120360
3,20045000090
3,20045000110
3,20045000130
3,20045000140
3,20045000150
3,20045000170
3,2004500012A
3,20045000190
3,20045120270
3,20045120250
3,20045120280
3,20045120350
3,20045900050
3,20045000270
3,20045000310
3,20045000470
3,20045000160
3,20045000220
3,20045000320
3,20045000330
3,20045000180
3,20045000210
3,20045000240
3,20045000260
3,20045000290
3,20045000200
3,20045000230
3,20045000380
3,2004500067B
3,20045120100
3,20045120420
3,20045160760
3,2004518066B
3,20045190080
3,20045190100
3,20045000300
3,20045120090
3,20045000280
3,20045000250
3,2004500050A
3,2004500050C
3,20045400040
3,20045900080
3,20045120300
3,20045400030
3,20045900090
3,20045000400
3,20045000340
3,20045120110
3,20045000350
3,20045000370
3,20045120120
3,20045120170
3,20045200010
3,20045120410
3,20045190040
3,20045190090
3,20045120130
3,20045000450
3,20045120020
3,20045160770
3,20045900100
3,20045900130
3,20045120030
3,20045900120
3,2004500048B
3,20045120040
3,20045120050
3,2004500048D
3,20045900040
3,20045120080
3,2004518064A
3,2004500052A
3,20045180560
3,20045190050
3,20045190110
3,20045180540
3,20045400050
3,20091901940
3,20103000310
3,20103000320
3,20103120080
3,20045000620
3,20045000630
3,20045000640
3,20045000660
3,20091920450
3,20091920460
3,20045120450
3,20045120460
3,2004518062A
3,20059000050
3,20059000080
3,20091004040
3,20045120370
3,20045120060
3,20045120210
3,20045120230
3,20045160780
3,20045190070
3,20087000100
3,20087000110
3,20045120240
3,20045120320
3,20045160750
3,20045120150
3,20045120140
3,20045120340
3,20045120440
3,20059000010
3,20059000020
3,20045190060
3,20045400080
3,20045900060
3,20045900070
3,20045900170
3,20045120380
3,20045120390
3,2004518066A
3,20045900140
3,20045200020
3,20045900020
3,20059000030
3,20059000220
3,2005900012A
3,20059000060
3,20059000100
3,20059000040
3,20059000070
3,20059000110
3,20059000210
3,20121000100
3,20121000240
3,20121000200
3,20059000090
3,20059000160
3,2005900020A
3,20059900010
3,20059000190
3,2005900013A
3,2005900013B
3,2005900013C
3,20059000140
3,20059000150
3,20059000180
3,20121000060
3,20087000120
3,20103000010
3,20103000380
3,20091000010
3,20091000020
3,20091000030
3,20091901140
3,20091901150
3,20091000040
3,2009100249F
3,20091901160
3,20091901170
3,20091901300
3,20091901310
3,20091920520
3,20091920990
3,20091921000
3,20091003120
3,20091900020
3,20091901220
3,20121000080
3,20121000260
3,20091000070
3,20091000080
3,20091900040
3,20091000090
3,20091900080
3,2009100014A
3,2009100014C
3,20091190030
3,20091900090
3,20091900160
3,20091901950
3,20091920680
3,20091900120
3,20091900130
3,20091920410
3,2009192043A
3,20091920790
3,20091000160
3,20091901730
3,20091901830
3,20091000190
3,20091002790
3,20091002810
3,20091002820
3,20091920600
3,20209601110
3,20091000200
3,20091000210
3,20091002650
3,20091002670
3,20091920110
3,20091000220
3,20091000230
3,20091002630
3,20091002330
3,20091002640
3,20091920120
3,20091900190
3,20091000270
3,20091002370
3,20091900200
3,20091900210
3,20091900220
3,20091900300
3,20091920870
3,20091000350
3,20091000370
3,20091002400
3,20091002410
3,20091900260
3,20091900320
3,20091900270
3,20091900330
3,20091920880
3,20091000430
3,20091000440
3,20091000450
3,20091000530
3,20091900360
3,20091920150
3,20091920170
3,20091920180
3,20091000600
3,20091900430
3,20091900450
3,20091901410
3,20091920130
3,20091000510
3,20091900460
3,20091900470
3,20091000520
3,20091900400
3,20091900410
3,20091920900
3,20091920920
3,20091920160
3,20091000560
3,20091921050
3,20091000580
3,20091000590
3,20091000610
3,20091003030
3,20091003060
3,20091920490
3,20091000660
3,20091001610
3,20091001630
3,20091001640
3,20091001740
3,20091000620
3,20091900440
3,20091000630
3,20091000640
3,20091000650
3,20091001990
3,20091920190
3,20091920200
3,20091001860
3,20091001780
3,20091001840
3,20091000840
3,20091000850
3,20091000860
3,20091003150
3,20091920000
3,20091920010
3,20091920040
3,20091920210
3,20091000870
3,20091002500
3,20091002520
3,20091920050
3,20091002580
3,20091000880
3,20091000890
3,20091000920
3,20091002680
3,20091920940
3,20209600800
3,20091000910
3,20091000930
3,20091000940
3,20091000960
3,20091920350
3,20091001540
3,20091001550
3,20091000950
3,20091002730
3,20091002740
3,20091920020
3,20091920030
3,20091920070
3,20091920090
3,20091001560
3,20091001590
3,20091001000
3,20091001010
3,20091001090
3,20091001150
3,20091001160
3,20091001280
3,20091901550
3,20091920650
3,20091001070
3,20091001300
3,20091001030
3,20091001360
3,20091001380
3,20091001040
3,20091001050
3,20091900600
3,20091901570
3,20091920220
3,20091920820
3,20091001100
3,20091001060
3,20091900610
3,20091900910
3,20091900980
3,20091901880
3,20091920630
3,20091920700
3,20091920720
3,20091920770
3,20091920810
3,20091001200
3,20091001210
3,20091901810
3,20091920230
3,20091001320
3,20091001330
3,20091001350
3,20091001130
3,20091900640
3,20091001250
3,20091001260
3,20091900700
3,2009100117A
3,20091900670
3,20091901650
3,20091920670
3,2009100117B
3,20091920930
3,20091900680
3,20091001220
3,20091001240
3,20091900750
3,20091900870
3,20091901700
3,20091920830
3,20091001520
3,20091001290
3,20091001370
3,2009100147A
3,20091001310
3,20091001390
3,20091920240
3,20091900790
3,20091900800
3,20091900820
3,20091901680
3,20091001340
3,2009100140B
3,20091004300
3,20091900840
3,20091901000
3,20091901020
3,20091901120
3,20091901130
3,20091920330
3,20091920850
3,20091921010
3,20091920860
3,20091920580
3,20091001420
3,20091001450
3,20091001480
3,20091001500
3,20091900880
3,20091900890
3,20091920250
3,20091920660
3,2009100147B
3,2009100222A
3,20091901030
3,20091001490
3,20091002120
3,20091001510
3,2009100217A
3,20091901050
3,2009100153J
3,20091920760
3,2009100153K
3,2009100153P
3,20091900490
3,20091900500
3,20091900520
3,20091900560
3,20091920570
3,20209600810
3,20091900550
3,20091001570
3,20091920270
3,20091001580
3,20091900530
3,20091920260
3,20091001600
3,20091001620
3,20091920280
3,20091002510
3,20091001700
3,20091002530
3,20091002540
3,20091001650
3,20091001660
3,20091001670
3,20091900540
3,20091001710
3,20091001690
3,20091001680
3,20091001750
3,20091001790
3,20091001800
3,20091001720
3,20091001760
3,20091001770
3,20091002600
3,20091900990
3,20091001730
3,20091001920
3,20091001960
3,20091920290
3,20091001810
3,20091001820
3,20091001830
3,20091002280
3,20091001940
3,20091001850
3,20091002290
3,20091001890
3,20091001870
3,20091002300
3,20091002000
3,20091002010
3,20091001880
3,20091001900
3,20091001980
3,20091002340
3,20091001910
3,20091002020
3,20091001950
3,20091001970
3,20091002050
3,20091002150
3,20091920300
3,20091920310
3,20091001930
3,20091002040
3,20091002030
3,20091002080
3,20091002380
3,20091002130
3,20091002140
3,20091002090
3,20091002200
3,20091002390
3,20091002180
3,20091002160
3,20091002210
3,20091002230
3,20091002240
3,2009100242A
3,20091901040
3,2009100217B
3,20091920320
3,20091002190
3,2009100222B
3,20091901100
3,2009100226B
3,2009100244A
3,20091901180
3,20091920980
3,20091002620
3,20091002310
3,20091002320
3,20091002350
3,2009100242B
3,20091900230
3,20091920950
3,20091901070
3,20091901090
3,20091901110
3,20091920960
3,2009100244B
3,20091002460
3,20091901060
3,20091901200
3,20091002470
3,2009100249C
3,20091901210
3,20091920890
3,2009100249A
3,20091900010
3,20091900860
3,20091900920
3,20091900930
3,20091920440
3,20091920840
3,20091900340
3,2009100249E
3,20091920340
3,20091920080
3,20091002560
3,20091002570
3,20091002550
3,20091002610
3,20091002590
3,20091002660
3,20091002690
3,20091002700
3,20091002720
3,20091920360
3,20091002710
3,20209600770
3,20209600780
3,20209600790
3,20091002750
3,20091003140
3,20091002760
3,20091002770
3,20091002780
3,20091002800
3,20209600840
3,20209600850
3,20209600860
3,20091002910
3,20091900510
3,20091002860
3,20091920500
3,20209120100
3,20091002890
3,20091901330
3,20091920510
3,20091002850
3,20091002870
3,20091920560
3,20091002880
3,20091002920
3,20091002900
3,20091003040
3,20091003070
3,20091920370
3,20091003080
3,20091002930
3,20091002940
3,20091003090
3,20091901340
3,20091901420
3,20091002960
3,20091002980
3,20091003000
3,20091003020
3,20091900030
3,20091901360
3,20091901370
3,20091901380
3,20209140020
3,20209140030
3,20209600040
3,20091921020
3,20091921030
3,20091003010
3,20091921040
3,20091003050
3,20091920380
3,2009100311A
3,20091920610
3,20091920620
3,20091920640
3,2012100007B
3,2012100023A
3,2012100023B
3,20121120050
3,20121900130
3,2009100311B
3,2009100311D
3,20091900620
3,20091900650
3,20091901890
3,20091901970
3,20091920740
3,20091920800
3,20091003130
3,20209600430
3,20091004030
3,20091004070
3,20091004080
3,20091004090
3,20091004100
3,20091004140
3,20091004180
3,20091900660
3,20091900740
3,20091004190
3,20091900580
3,20091900850
3,20091900810
3,20091100040
3,2009112003B
3,20091190010
3,20091190020
3,20091921070
3,20091900940
3,20091900730
3,20091900050
3,20091900060
3,20091900170
3,20091900180
3,20091900100
3,20091900110
3,20091920530
3,20091920470
3,20091920540
3,20091900250
3,20091900280
3,20091900290
3,20091901080
3,20091900370
3,20091900380
3,20091901430
3,20091920140
3,20091920910
3,20091920550
3,20091900710
3,20091900480
3,20091901710
3,20209600830
3,20091900570
3,20091920750
3,20091901630
3,20091900760
3,20091920590
3,20091901010
3,20091920970
3,20209600010
3,20209600020
3,20209600060
3,20091901510
3,20091901560
3,20091901610
3,20091920690
3,20091901750
3,20091901780
3,20091901820
3,20121120040
3,20091901900
3,20091920420
3,20091901910
3,20091901930
3,20091920060
3,20091920390
3,20091921080
3,2009192071A
3,20091920730
3,20103000060
3,20103000020
3,20103000030
3,20103000050
3,20209600760
3,20103000350
3,20103120100
3,20103120120
3,20103170050
3,20103900010
3,20103900030
3,20209601090
3,20209601100
3,20103000390
3,20103170060
3,20103170210
3,20103170220
3,20209600030
3,20103000110
3,20103000200
3,20103000210
3,20103000250
3,20103000260
3,2010300029A
3,20103120110
3,20103170160
3,20103170240
3,20103900060
3,2010300017B
3,2010300019B
3,20103000300
3,20103000080
3,20103000090
3,20103000100
3,2010300027A
3,20103000340
3,20103120130
3,20103170130
3,20103170140
3,20103170150
3,20103170190
3,20103170200
3,20103000280
3,20103170170
3,20103170250
3,20103000120
3,20103000130
3,2010300017A
3,20103000140
3,20103000160
3,20103000220
3,20103000150
3,20103000230
3,20103000240
3,20103000180
3,2010300019A
3,20103120060
3,20103170040
3,20103170070
3,20103170080
3,20103170090
3,20103170100
3,20103000360
3,20103170230
3,20103000370
3,20103170180
3,20103170110
3,20103170120
3,20103900080
3,20209601040
3,20121000050
3,20121000250
3,20121000090
3,20121000020
3,20121000270
3,20121900120
3,20121900180
3,2012100003B
3,20121000220
3,2012100004B
3,20121120030
3,2012100004C
3,2012100004D
3,20121120020
3,2012100012A
3,2012100013A
3,2012100013B
3,2012100013C
3,20121000140
3,20121120060
3,20121120100
3,20121900070
3,2012100011B
3,2012100012B
3,20121900010
3,20121900020
3,2012100016A
3,20121000170
3,2012100019A
3,20121200010
3,2012100016B
3,2012100018A
3,20121200020
3,2012100018B
3,2012100019B
3,20121900160
3,20121120110
3,2012100018C
3,20121120080
3,20121900140
3,20121900150
3,20121900190
3,20121180010
3,20121180020
3,20121180030
3,20121300010
3,2012100023C
3,2012100023D
3,20121120090
3,20121020030
3,20121120070
3,20121900030
3,20121900100
3,20121900110
3,20121900090
3,20121900080
3,20121900040
3,20121900050
3,20209600580
3,20209600550
3,20209600560
3,20209140090
3,20209600750
3,20209601020
3,20209601030
3,20209601060
3,20209601080
3,20209600090
3,20209600100
3,20209600110
3,20209600120
3,20209600140
3,20209600150
3,20209600210
3,20209600250
3,20209600300
3,20209600320
3,20209600130
3,20209600170
3,20209600590
3,20209600870
3,20209600160
3,20209600200
3,20209600220
3,20209600230
3,20209600180
3,20209600190
3,20209600600
3,20209600620
3,20209600630
3,20209600240
3,20209600450
3,20209600260
3,20209600270
3,20209600290
3,20209600460
3,20209600280
3,20209600310
3,20209600330
3,20209600350
3,20209600480
3,20209600410
3,20209600440
3,20209600340
3,20209600360
3,20209600370
3,20209600390
3,20209600400
3,20209600490
3,20209600510
3,20209600380
3,20209600820
3,20209600420
3,20209600470
3,20209600670
3,20209600500
3,20209600680
3,20209600690
3,20209600520
3,20209600700
3,20209600710
3,20209601120
3,20209600570
3,20209600530
3,20209600540
3,20209600730
3,20209600740
3,20209600610
3,20209600640
3,20209600650
3,20209600660
3,20209600890
3,20209600900
3,20209600950
3,20209600980
3,20209600720
3,20209601000
3,20209601010
3,20209600880
3,20209600920
3,20209600960
3,20209600910
3,20209600940
3,20209600930
3,20209600970
3,20209600990
3,20209601050
3,20209601070
4,20001000010
4,20001000030
4,20001000050
4,2000100016A
4,2000100016C
4,20001000210
4,20001170010
4,20001170020
4,20003000080
4,20003000160
4,20001000020
4,2000100006A
4,20001000130
4,20001000180
4,20001000190
4,20133000010
4,20133000190
4,20001000040
4,20001000170
4,20003000130
4,20001000140
4,20207000030
4,20001000070
4,20001000080
4,2000100020A
4,20001190010
4,2000100006B
4,2000100006C
4,2000100006D
4,20001190020
4,20207000050
4,20207000060
4,20001000150
4,20011000090
4,20011000110
4,20001170030
4,2000117003B
4,2000117003C
4,20003000190
4,20011000190
4,20133000150
4,20001170040
4,2000100020B
4,2000100020C
4,20003000010
4,2000300002A
4,20003000030
4,20003000050
4,2000300014A
4,2000300002B
4,2000300002C
4,20003000040
4,20003200010
4,20003200020
4,20003000060
4,20003000200
4,20003000220
4,20003000240
4,20031000010
4,20031000160
4,20003000100
4,20003000110
4,20003000210
4,20107000020
4,20003000120
4,20003000170
4,20003000180
4,20031000140
4,20031000150
4,20107000010
4,20107000030
4,20003000230
4,20031000170
4,20005000010
4,20005000020
4,20005000030
4,2000500006A
4,2000500008A
4,20005000040
4,2000500005A
4,2000500007A
4,2000500016A
4,2000500017A
4,2000500017B
4,20005100050
4,2000500006B
4,2000500006C
4,2000500007B
4,2000500007C
4,20005000140
4,2000500008B
4,2000500008D
4,20005000090
4,20005000110
4,20005000130
4,20005120030
4,20087000010
4,20087000060
4,20005000100
4,20005000120
4,2001300009A
4,20013000110
4,20013000210
4,20085000160
4,20085000180
4,20043000040
4,20085000060
4,20005180010
4,20005180020
4,20043000010
4,20043000120
4,20103000040
4,20009000060
4,20167000090
4,20009000280
4,20009000310
4,20053000170
4,20053000180
4,20053000220
4,20159000060
4,20011000010
4,20011000120
4,20011000160
4,20011000170
4,20037000210
4,20037000A41
4,2001100002A
4,20011000040
4,2001100005A
4,20011000060
4,20011000140
4,2001100002B
4,2001100002C
4,2001100002D
4,2001100002E
4,2001100002F
4,2001100002G
4,2001100002H
4,2001100003A
4,20011000080
4,20011000070
4,2001100005B
4,20011900020
4,20011900030
4,2001100005C
4,2001100005D
4,20011000130
4,20011000180
4,20011000100
4,20011000150
4,20107000090
4,20107000120
4,20037000470
4,20037000A82
4,20037000A83
4,20013000010
4,20013000060
4,20013000120
4,20013000130
4,20013000150
4,20013000200
4,20013000020
4,20013000030
4,2001300005A
4,2001300004A
4,2001300004B
4,2001300005B
4,20013000100
4,20013000160
4,20013000070
4,20013000080
4,2001300009B
4,2001300009C
4,20043000060
4,20043000130
4,20013000140
4,2001300017A
4,2001300017B
4,2001300018A
4,20013000190
4,20131000020
4,20131000240
4,2001300012A
4,20085000140
4,20131000030
4,20131000080
4,20043000070
4,20131000210
4,20013900010
4,2013100020A
4,20015000300
4,20015000100
4,20015000280
4,20015800050
4,20017000020
4,20017000070
4,20017000080
4,20073000130
4,20015000110
4,20015000440
4,20035000280
4,20015000120
4,20015000240
4,20015000350
4,20115000240
4,20115000290
4,2001500014A
4,2001500016A
4,20015000330
4,20015140080
4,20015000190
4,20015000220
4,2001500016B
4,20015000360
4,2001500016C
4,20015120090
4,20079000290
4,20115000260
4,20115000270
4,20015000250
4,20015000260
4,20015000270
4,20015000290
4,20015000390
4,20073000100
4,20049000090
4,2001580030A
4,20073200020
4,20073000170
4,20035000240
4,20015120080
4,20079000300
4,20015140090
4,20017000010
4,20017000030
4,20017000050
4,20017000090
4,20017000100
4,20111000310
4,20115000070
4,20017000040
4,20115000140
4,20017000110
4,20115000050
4,20127000160
4,20127000170
4,20017000060
4,20127000090
4,20073000090
4,20111000240
4,20111000270
4,20127000080
4,20019000010
4,20019000020
4,20019000060
4,20035000290
4,20035000430
4,20049000020
4,20019000070
4,20019000130
4,20049000010
4,20049000100
4,20019000030
4,20019000050
4,20019000100
4,20019000120
4,20019000040
4,20019000090
4,20019000110
4,20019000140
4,20049000050
4,20019000080
4,20125000050
4,20049000060
4,20125000420
4,20125000450
4,20021000010
4,20021000020
4,20021000030
4,2002100004A
4,20021000170
4,2002100037A
4,2002100037C
4,2002100037D
4,2002100002A
4,2002100037B
4,2002100004B
4,20021000050
4,20021000220
4,20021000250
4,20021000280
4,20021000999
4,20037000033
4,20037000060
4,20037000070
4,20037000460
4,20021000060
4,20021000070
4,2002100007A
4,20021000090
4,2002100010A
4,2002100030A
4,20021000080
4,2002100030B
4,20021000110
4,2002100030C
4,2002100010B
4,20021000340
4,20021000360
4,20021000120
4,2002100013A
4,2002100015A
4,2002100018A
4,20021000200
4,2002100012A
4,20021000140
4,2002100013B
4,2002100013C
4,2002100013D
4,20021000190
4,20021000230
4,20021000350
4,20099000210
4,20021000210
4,20021000240
4,20021000380
4,20021000260
4,20021000270
4,20021000310
4,20021000320
4,20021000330
4,20099000360
4,20099000040
4,20099120040
4,2009912004B
4,20037000020
4,20037000270
4,20037900050
4,20021000290
4,2002100042A
4,2002100042B
4,20037000A62
4,20037000A51
4,20099000120
4,20099000150
4,20027000010
4,20027000040
4,20027000100
4,20027000130
4,20041000090
4,20041000290
4,20027000020
4,20027000030
4,2002700005A
4,20027000110
4,20027000220
4,20027000180
4,20027000210
4,20029000050
4,20027000190
4,20041000100
4,20143000080
4,2002700006A
4,2002700006B
4,20027000070
4,20027000080
4,20027000090
4,20027000150
4,20027000160
4,20027000170
4,20027180020
4,20027900230
4,2002700005B
4,20027180010
4,20029000230
4,20027000120
4,20027000140
4,20201000210
4,20201000220
4,20027000200
4,20041000110
4,20161000030
4,20161000430
4,20201000140
4,2006100002R
4,20061000270
4,20161000020
4,2016100005A
4,20161000040
4,20029000130
4,20029000190
4,20201000040
4,20143000050
4,20061900230
4,20029000010
4,20029000030
4,20029000040
4,20029000150
4,20029000240
4,20029000020
4,20029000160
4,20029000180
4,20029000140
4,20029000200
4,20029000250
4,20157000170
4,2002900011A
4,20029000120
4,20029000260
4,2002900006A
4,2002900006B
4,20029000070
4,2002900008A
4,20029000100
4,2002900006C
4,20029000090
4,2002900008B
4,2002900011B
4,20029000170
4,20029000220
4,20143000140
4,20157000090
4,20089000010
4,20123000200
4,20157000020
4,20029000210
4,20143000210
4,20157000130
4,20143000220
4,20029000270
4,20029000280
4,20157000160
4,20123000010
4,20123000140
4,20123000190
4,20123000260
4,20143000230
4,20031000060
4,20031000080
4,20031000020
4,20031000030
4,2003100004A
4,2003100004B
4,2003100005A
4,2003100005B
4,2003100005C
4,20031000090
4,20031000110
4,20031000120
4,20031000130
4,20031900010
4,20031900020
4,20031900030
4,20031000070
4,20031000100
4,20139000020
4,20139000090
4,20139000140
4,20207000020
4,20073000150
4,20207000040
4,20111000300
4,20111000320
4,20139000080
4,20037000010
4,2003700022A
4,20037000290
4,20037000300
4,20037000310
4,20037000360
4,20037000480
4,20037900040
4,20037000030
4,20037000080
4,20037000450
4,20037000040
4,20037000190
4,20037000050
4,20037000100
4,2003700013A
4,20037000280
4,2003700038A
4,2003700005A
4,20037000150
4,2003700016A
4,20037000180
4,20037190010
4,20037000090
4,20037000250
4,20037000260
4,20037000490
4,20037000110
4,2003700012A
4,2003700014A
4,20037000410
4,2003700042A
4,20037000400
4,20037190030
4,20037900020
4,2003700013B
4,2003700017A
4,2003700017B
4,20133000170
4,20133000180
4,20037000200
4,20037000240
4,20037000320
4,20037000340
4,20037000230
4,20037000330
4,20037000390
4,20037000430
4,20037000350
4,20037900010
4,2003790001A
4,20037000370
4,2003700044A
4,20037190020
4,20037000500
4,20133000230
4,20041000010
4,2004100002A
4,20041000030
4,20041000130
4,20041900030
4,20041000040
4,20041000050
4,20041000220
4,2004100002B
4,20041000060
4,20041000180
4,20041000190
4,20041000200
4,20115000010
4,20041000070
4,20041000140
4,20041000320
4,20041000080
4,20041000230
4,20041000260
4,20041000280
4,20143000190
4,20061900010
4,20041000120
4,20041000250
4,20041000310
4,20169000500
4,20041900010
4,20041900020
4,20041000150
4,20041000160
4,20041000170
4,20041120020
4,2004112002A
4,20127000050
4,20127000150
4,20041120030
4,20115000190
4,20169000080
4,20041000270
4,20115000060
4,20041000210
4,20041000300
4,20061000250
4,20127000070
4,20169000020
4,20061900240
4,20127000140
4,20169000040
4,20143000130
4,20127000040
4,20115000200
4,20043000090
4,20043000100
4,20043000020
4,20043000030
4,20043000080
4,20043000110
4,20043000050
4,20045000010
4,20045120310
4,20087000040
4,20087000050
4,20177000260
4,20177000290
4,20177120040
4,20177000370
4,20177000270
4,20139000050
4,20049000030
4,20049000070
4,20049000080
4,20049000040
4,20073000140
4,20073000180
4,20205000070
4,20205000060
4,20053000010
4,20053000030
4,20053000050
4,20053000100
4,20053000130
4,20053000150
4,20053000200
4,20053000020
4,20053000060
4,20053000140
4,20053000210
4,20053000230
4,20053000040
4,20053000160
4,20169000510
4,20053000110
4,20053000190
4,20053000240
4,20105000070
4,20053000070
4,20053000080
4,2005300009A
4,2005300009B
4,20105000060
4,20053000120
4,20159000050
4,20113000190
4,20159000150
4,20105000150
4,20105000210
4,20159000240
4,20159000070
4,20169000050
4,20105000100
4,20139000100
4,20139000010
4,20061000010
4,20061000060
4,20061000240
4,20127000130
4,2006100002A
4,2006100002B
4,2006112015B
4,2006100002L
4,20061000230
4,20061900020
4,20061900190
4,2016100005B
4,2006100002O
4,2006100002P
4,2006100002Q
4,20061000040
4,20061000050
4,20161000010
4,2016100044A
4,20161000480
4,20197000130
4,2006100007A
4,20061000140
4,20061000180
4,20061900200
4,20061900280
4,20061000080
4,20061000090
4,20061000110
4,2006100013A
4,20061900100
4,20061000100
4,20061000150
4,2006100016A
4,20061900130
4,20061900260
4,20061900180
4,20061000190
4,20061000330
4,20061900040
4,20061900030
4,20061900150
4,20061900210
4,2006100022A
4,20061000210
4,2006112017A
4,20061900250
4,2006100022B
4,20061900270
4,20127000110
4,20127000120
4,20197000040
4,20061000271
4,20061000340
4,20061900140
4,20061900220
4,20061900060
4,20061900070
4,20073000010
4,20073000020
4,20073000060
4,20073000070
4,20073000110
4,20073000120
4,20073000030
4,20073000040
4,20073000050
4,20073200010
4,20073900010
4,20073900020
4,20073000080
4,20207000070
4,20205000220
4,20079000010
4,20079000020
4,20079000050
4,20113000360
4,20155000460
4,20079000080
4,20079000120
4,20079900010
4,20155000680
4,20079000030
4,2007900003A
4,20079000310
4,2007900022S
4,2007900027B
4,2007900027D
4,20079000040
4,20079000090
4,2007900010A
4,20079000110
4,20079000140
4,20113000290
4,2007900004A
4,2007900004B
4,20113000300
4,20079000060
4,20079000070
4,20079000130
4,2007900007B
4,20079000270
4,20079000280
4,2007900028A
4,20079000320
4,20079900030
4,20115000300
4,20173502560
4,20173502480
4,2007900019A
4,2007900022W
4,20079000250
4,2007900027C
4,20079000150
4,20079000160
4,20079000170
4,20079000180
4,20079000200
4,20079000230
4,20079000240
4,20079000260
4,2007900027A
4,20079000210
4,2007900022A
4,2007900027F
4,2007900027G
4,2007900021A
4,2007900027E
4,20079190020
4,20079190030
4,20079190010
4,20115000090
4,20085000010
4,20085000070
4,20085000130
4,20085000170
4,20149000060
4,20149000190
4,20085000020
4,20085000050
4,20085000110
4,20085000030
4,20085000040
4,20087000090
4,20177600060
4,20177600240
4,20177600370
4,2008500008A
4,20085000090
4,2008500010A
4,2008500010B
4,20085000120
4,20085000150
4,20149000090
4,2008500008B
4,20131000180
4,20131000300
4,20131000170
4,20149000070
4,20149000210
4,20177000090
4,20177000150
4,20177001850
4,20087000030
4,20087000080
4,20087000020
4,20087000070
4,20087000130
4,20177000350
4,20177120060
4,20089000190
4,20089000220
4,20123000220
4,20089000020
4,20089000030
4,20089000080
4,20089000140
4,20123000110
4,20123000160
4,20089000040
4,20089000060
4,20123000270
4,20089000240
4,20089000050
4,20089000130
4,20089000160
4,20089000230
4,20089000250
4,20089000070
4,20089000180
4,20089000090
4,20089000100
4,20089000210
4,20157000080
4,20089000110
4,20089000170
4,20089000120
4,20089000200
4,20089000150
4,20157000070
4,20157000230
4,20155000030
4,20155000540
4,20155000010
4,20155000470
4,20155000580
4,2009900001A
4,20099000100
4,20099000140
4,20099000020
4,20099000060
4,20099000090
4,20099000130
4,20125000070
4,20125000410
4,20099000030
4,20099000050
4,2009912004A
4,20099000080
4,20099000070
4,20099000110
4,20099000170
4,20099000370
4,2009900016A
4,20125000080
4,20125000240
4,20099000220
4,2009900022A
4,2009900024A
4,20099000250
4,2009900027A
4,2009900027B
4,20099000310
4,20133000160
4,2009900016B
4,2009900016C
4,2009900029B
4,20133000200
4,20099000180
4,2009900019A
4,20099000200
4,20099000230
4,20099000320
4,20099000330
4,20099000340
4,20099000260
4,20099000280
4,2009900029A
4,20099000300
4,20099000350
4,20103170010
4,20103170020
4,20103170030
4,20105000010
4,20105000080
4,20105000160
4,20105000170
4,20105000200
4,20123000230
4,2010500002A
4,2010500005A
4,20105000120
4,2010500013A
4,20105000140
4,20105000190
4,20105000030
4,20105000090
4,20123000130
4,20167000040
4,20105000040
4,20143000180
4,20169000060
4,2010500005B
4,20105000110
4,2010500013B
4,2010500013C
4,20105000220
4,20105000180
4,20105900010
4,20143000090
4,20143000120
4,20123000080
4,20123000240
4,20107000040
4,20107000070
4,20107000080
4,20107000110
4,20107000050
4,20107000100
4,20107000060
4,20107000130
4,20111000010
4,20111000020
4,20111000070
4,20111000110
4,20111000140
4,20111000150
4,2011100005A
4,20111000080
4,20111000030
4,20111000040
4,2011100006A
4,20111000090
4,20111000100
4,2011100028A
4,20111900010
4,20111000120
4,20111000130
4,20111000290
4,2011100005B
4,2011100005C
4,2011100006B
4,2011100006C
4,20111900060
4,20111900070
4,2011100028B
4,2011100028C
4,20111000160
4,20111000170
4,2011100013A
4,20111000180
4,20111900040
4,20111000190
4,2011100029A
4,2011100017A
4,20111300010
4,2011100017C
4,20111000200
4,20111000250
4,20111900030
4,20111000210
4,20111000220
4,20111000230
4,20127000100
4,20197000020
4,20197000140
4,20111000260
4,20139000007
4,20139000040
4,20197000050
4,20139000030
4,20111400010
4,20111400020
4,20111400030
4,20113000010
4,20113000030
4,20113000050
4,20113000080
4,20115000250
4,20113000020
4,20113000320
4,20169000090
4,20113000060
4,20113000340
4,20115000170
4,20113000040
4,20113000100
4,20113000110
4,20113000330
4,20159000220
4,20113000310
4,20113000180
4,20113000200
4,20113000070
4,20113000120
4,20113000170
4,20113000350
4,20113000090
4,20113000370
4,20159000040
4,20159000180
4,20113900030
4,20113000130
4,20113000140
4,20113000160
4,20113000150
4,20113190010
4,20155000490
4,2011309004A
4,20113900010
4,20113900020
4,20113900040
4,2011390004B
4,20113900050
4,20169000480
4,20115000230
4,20115000080
4,20115000020
4,20115000100
4,20115000180
4,20115000310
4,20115000030
4,20115000130
4,20115000210
4,2011500022A
4,2011500022B
4,20115000040
4,2011500011A
4,20115000120
4,20115000280
4,20115000150
4,20115900010
4,2011500016C
4,20115900020
4,20117000010
4,20117000230
4,20117000240
4,20117120020
4,20117000020
4,20117000040
4,20117000060
4,20117000290
4,20149000180
4,20161000460
4,20117000030
4,20117000100
4,20117000280
4,20117000080
4,20117000050
4,20117000250
4,20117120030
4,20117000070
4,20117000090
4,20117000300
4,20149000050
4,20117000220
4,20131000110
4,20131000160
4,20149000100
4,20149000130
4,20201000150
4,20117000200
4,20117000270
4,20117000130
4,20117000150
4,20201000130
4,20117000140
4,20117000210
4,20131000040
4,20131000130
4,20201000110
4,20117000160
4,2011700017A
4,2011700019A
4,2011700019B
4,2011700019C
4,2011700018A
4,2011700018B
4,20117190010
4,20117000260
4,20117120050
4,20117120040
4,20131000060
4,20201000170
4,20201000010
4,2012300006A
4,20123000020
4,20123000030
4,20123000040
4,2012300006D
4,20123000050
4,2012300006B
4,2012300006C
4,20123000070
4,20123000290
4,20123000120
4,20123000170
4,20123000090
4,20123000210
4,20123000300
4,20123000100
4,20123000180
4,20123000150
4,20123000250
4,20123000280
4,2012500001A
4,20125000020
4,20125000040
4,2012500001B
4,2012500001C
4,20125000060
4,20125000030
4,20125180010
4,20125180020
4,2012518002A
4,2012518002B
4,20125180030
4,2012518003A
4,20125900030
4,2012590003A
4,20125000260
4,20125000110
4,20125000190
4,20125000430
4,2012500044A
4,20125180050
4,20125180060
4,20125900010
4,2012590001A
4,20125900020
4,20125000090
4,20125000100
4,20125000470
4,20205000180
4,2012500008A
4,20125000120
4,20125000180
4,20125000130
4,2012500044C
4,20125000140
4,20125000150
4,20125000170
4,20125000160
4,20125000210
4,20125000200
4,20125000220
4,2012500044B
4,20125000230
4,20125000250
4,20125900040
4,20125000270
4,20125000280
4,2012500040C
4,20125120060
4,20125120100
4,20125120070
4,20125000290
4,20125000330
4,20125000340
4,20125000350
4,20125000360
4,20125120020
4,2012512004A
4,20125000300
4,20125000310
4,2012500032A
4,20125120090
4,20125900050
4,2012500032B
4,20125120030
4,2012500040B
4,20125120040
4,20125120050
4,2012512011B
4,20125120110
4,20205000210
4,20125180070
4,20205000130
4,2012512005A
4,20125900060
4,20125180040
4,20127000010
4,20127000020
4,20127000030
4,20127000060
4,20127900020
4,20127900010
4,20131000010
4,20131000070
4,20131000100
4,20131000140
4,2013100023A
4,2013100024A
4,20131000290
4,2013100005A
4,2013100005B
4,20131000120
4,20131000150
4,20131000190
4,20131000090
4,20131000280
4,20131000260
4,20131000270
4,20131000220
4,2013100023B
4,2013100020B
4,2013100020C
4,2013100020D
4,20131900010
4,2013190001A
4,2013190001B
4,20133000140
4,20133000210
4,2013300002A
4,2013300012A
4,2013300012B
4,2013300012C
4,2013300012D
4,2013300022A
4,20133120040
4,20205000190
4,20133000030
4,20133000240
4,20133120030
4,20133000040
4,20133000050
4,20133000100
4,20133000110
4,20133000060
4,20133000070
4,20133000080
4,20133000090
4,2013300022B
4,2013300022C
4,2013300022D
4,20133900010
4,20205000050
4,20133120020
4,20133900020
4,20205000030
4,20139000160
4,20139000170
4,20139000230
4,20139900040
4,20139000130
4,20139000220
4,20139000240
4,20139000060
4,20139000190
4,20139000200
4,20139000120
4,20139000210
4,20139000110
4,20177600180
4,20177600190
4,20177120310
4,20177120320
4,20139000150
4,20139000180
4,20139900010
4,20139900030
4,20143000010
4,20143000030
4,20143000060
4,20143000070
4,20143000200
4,20169000010
4,20169000030
4,20143000020
4,20143000100
4,20143000110
4,2014300016A
4,20143000170
4,20143000040
4,20143000150
4,2014300016B
4,20169000110
4,20149000010
4,20149000040
4,20149000110
4,20149000220
4,20149120060
4,20149120080
4,20197000070
4,20149000020
4,20149000080
4,20149000120
4,20149000140
4,20149120030
4,20149900030
4,20161000060
4,20161000400
4,20161190010
4,20161190020
4,20161400030
4,20149000030
4,20149000160
4,20161000070
4,20161000450
4,20149000170
4,20149000230
4,20149000240
4,20149000150
4,20149120020
4,20149190010
4,20149190020
4,20149190030
4,20161400010
4,20161400020
4,2016140003A
4,2016140003B
4,20197000090
4,20149000250
4,20149000270
4,20149120100
4,20149180010
4,20197120020
4,20197120030
4,20149120070
4,20149120110
4,20149900010
4,20155000040
4,20155000020
4,20155000440
4,20155000670
4,20155000700
4,20155000090
4,20155000450
4,20155000710
4,20155000050
4,20155000590
4,20155000060
4,20155000110
4,20155000480
4,20155000070
4,20155000510
4,20155000520
4,20155000530
4,20155000560
4,20159000210
4,20159000250
4,20155000650
4,20155000690
4,20155000570
4,20155000120
4,20155000130
4,20155000270
4,2015500037A
4,20155000640
4,20155120030
4,20155000140
4,20155000260
4,20155000160
4,20155000410
4,20155000150
4,20155000200
4,20155000210
4,20155000220
4,20155000170
4,20155000250
4,20155000180
4,20155000240
4,20155000400
4,20155200010
4,20155200020
4,20155000230
4,20155000350
4,20155000430
4,20155000320
4,20155000330
4,20155000310
4,20155000290
4,20155000300
4,20155000360
4,20155000280
4,20155000380
4,2015500039A
4,20155000420
4,20155200040
4,2015500060A
4,2015500060B
4,20155200060
4,2015500037B
4,2015512005A
4,20155120060
4,2015500039B
4,2015500055A
4,20155900010
4,20155900020
4,20155200030
4,20155200050
4,20155000610
4,20155000620
4,20155000630
4,20173503780
4,20159000230
4,20157000010
4,20157000110
4,20157000190
4,20201000240
4,20157000030
4,20157000040
4,2015700005A
4,2015700005B
4,2015700006A
4,2015700006B
4,2015700012A
4,20157000140
4,20157000200
4,2015700012B
4,2015700012C
4,20157000220
4,20157000180
4,20201000020
4,20201000080
4,20157000100
4,20201000100
4,20157000150
4,20157000210
4,20159000010
4,20159000030
4,20159000080
4,20159000100
4,20159000110
4,20159000120
4,20159000130
4,20159000260
4,20159000090
4,20159000140
4,2015900019A
4,20159000200
4,2015900019C
4,20161000410
4,20161000080
4,2016100047A
4,20161120050
4,20161300010
4,20161300060
4,20161300090
4,2016100039A
4,20161000120
4,20161000170
4,20161400040
4,20161000140
4,20161300020
4,20161500030
4,20161400060
4,2016100022A
4,20161000230
4,2016100025A
4,20161190040
4,20161190050
4,20161400050
4,2016100022B
4,20161000310
4,20161400070
4,20161400080
4,2016100025B
4,20161000320
4,20161000330
4,20161000340
4,20161000350
4,20161000370
4,2016100036A
4,2016100041A
4,2016100047D
4,2016100047E
4,20161500010
4,20161900040
4,2016100039B
4,2016100039C
4,2016100039E
4,20161800001
4,20161300040
4,20161300050
4,20161000380
4,2016100047F
4,20161400090
4,20161600001
4,2016100042B
4,2016100042C
4,20161300070
4,20161300100
4,20161900030
4,2016190003B
4,2016100047B
4,2016100047C
4,20197000010
4,20161300030
4,20161190030
4,20161900010
4,20161900020
4,20161900060
4,20169000070
4,20169120030
4,20169900040
4,2016900012A
4,2016900047B
4,20169000520
4,20169000490
4,20169300010
4,2016930001A
4,2016900026A
4,20169000270
4,2016900031A
4,2016900032A
4,2016900033A
4,2016900042A
4,20169000450
4,20169170010
4,20169900030
4,20169900050
4,20169900070
4,20169900100
4,2016900007A
4,20169000340
4,20169000400
4,20169000100
4,2016900013A
4,20169000140
4,20169000150
4,20169000160
4,20169000170
4,20169000180
4,20169000200
4,20169000230
4,20169000190
4,20169000280
4,20169000220
4,20169000210
4,20169000350
4,20169000360
4,20169000370
4,20169000240
4,2016900046A
4,2016900025A
4,20169000380
4,20169900110
4,20169000430
4,20169000440
4,20169000290
4,20169000300
4,20169000390
4,20169000410
4,20169900080
4,20169900010
4,2016990001A
4,20169900020
4,20169900090
4,20177000080
4,20177000190
4,20177120020
4,20177120030
4,20177500080
4,20177001890
4,20177600160
4,20177600050
4,20177600150
4,20177000300
4,20177000310
4,20177000930
4,20177000240
4,20177001710
4,20177120130
4,20177000250
4,20177000430
4,20177000480
4,20177000510
4,20177000530
4,20177000690
4,20177170030
4,20177000280
4,20177120160
4,20177500070
4,20177600430
4,20177120270
4,20177000330
4,20177001880
4,20177200020
4,20177600010
4,20177600340
4,20177600350
4,20177600390
4,20177000340
4,20177500110
4,20177600300
4,20177600310
4,20177700020
4,20177800010
4,20177900090
4,20177120070
4,20177120080
4,20177000410
4,20177000420
4,20177000440
4,20177000580
4,20177001060
4,20177900030
4,20177000490
4,20177000500
4,20177000520
4,20177000560
4,20177000570
4,20177000540
4,20177000700
4,20177000550
4,20177000710
4,20177120240
4,20177000590
4,20177000610
4,20177000640
4,20177120210
4,20177120230
4,20177000600
4,20177600020
4,20177001040
4,20177000630
4,20177000650
4,20177000660
4,20177001160
4,20177120220
4,20177000740
4,20177001170
4,20177001210
4,20177000800
4,20177001910
4,20177120050
4,20177120280
4,20177200170
4,20177200180
4,20177000750
4,20177000760
4,20177120250
4,20177120260
4,20177600140
4,20177000770
4,20177000820
4,20177000830
4,20177000780
4,20177000940
4,20177000950
4,20177000840
4,20177000850
4,20177000860
4,20177000870
4,20177000890
4,20177000880
4,20177001010
4,20177500160
4,20177600200
4,20177600420
4,20177000920
4,20177000960
4,20177000970
4,20177000990
4,20177001280
4,20177001290
4,20177001330
4,20177000980
4,20177001350
4,20177001000
4,20177001320
4,20177001340
4,20177120170
4,20177600090
4,20177800060
4,20177800070
4,20177001030
4,20177120090
4,20177001050
4,20177001100
4,20177001070
4,20177001080
4,20177001090
4,20177001360
4,20177001370
4,20177001120
4,20177001140
4,20177001150
4,20177001130
4,20177001380
4,20177001190
4,20177001180
4,20177001220
4,20177001200
4,20177001230
4,20177001240
4,20177001400
4,20177120290
4,20177120300
4,20177001270
4,20177001250
4,20177001430
4,20177001520
4,20177001530
4,20177001550
4,20177001300
4,20177001310
4,20177001560
4,20177001630
4,20177001650
4,20177600570
4,20177120100
4,20177400110
4,20177600580
4,20177001410
4,20177001420
4,20177001450
4,20177001460
4,20177001440
4,20177001470
4,20177001480
4,20177001490
4,20177001570
4,20177001760
4,20177120180
4,20177500010
4,20177001500
4,20177001510
4,20177001540
4,20177001600
4,20177001620
4,20177001590
4,20177200140
4,20177400070
4,20177600290
4,20177800020
4,20177001610
4,20177600260
4,20177600280
4,20177001670
4,20177600270
4,20177001720
4,20177001640
4,20177600250
4,20177900070
4,20177001780
4,20177800040
4,20177001680
4,20177200050
4,20177120120
4,20177160010
4,20177200070
4,20177200130
4,20177200150
4,20177200160
4,2017750011A
4,2017750011B
4,2017750011C
4,20177500140
4,20177600080
4,20177600530
4,2017712013A
4,20177120200
4,20177600510
4,20177100050
4,2017712010A
4,20177600500
4,20177100030
4,20177900060
4,20177100040
4,20177100060
4,20177600210
4,20177500120
4,20177600360
4,2017712008A
4,20177900110
4,20177900120
4,20177120190
4,20177300090
4,20177600470
4,20177160030
4,20177600440
4,20177900010
4,2017712016A
4,20177900140
4,20177200010
4,20177600220
4,20177900040
4,20177900050
4,20177200080
4,20177700010
4,20177400090
4,20177400100
4,20177600230
4,20177600110
4,20177600170
4,20177600330
4,20177600490
4,20197000080
4,20177900080
4,20197000030
4,20197000100
4,20197000060
4,20197000110
4,20201000090
4,20201000230
4,20201000030
4,20201000060
4,20201000070
4,20201000180
4,20201000050
4,20201000200
4,2020100025A
4,20201000120
4,2020100026A
4,20201000160
4,20201000190
4,2020100026B
4,2020100025B
4,20201900010
4,20205000010
4,20205000020
4,20205000120
4,20205000080
4,20205000090
4,2020500010A
4,2020500010B
4,20205000110
4,2020500011B
4,20205000200
4,20205000040
4,20205000230
4,20207000010
4,2020500014A
4,2020500014B
4,20205000150
4,2020500015B
4,20205000160
4,20205000170
4,20205900010
4,20205900020
4,20205900030
4,20205900040
4,2020700008A
4,2020700008B
4,20207000090
4,20207900010
